{
    "$schema": "https://schema.management.azure.com/schemas/2019-04-01/deploymentTemplate.json#",
    "contentVersion": "1.0.0.0",
    "parameters": {
        "healthBots_healthbot_name": {
            "defaultValue": "healthbot",
            "type": "String"
        }
    },
    "variables": {},
    "resources": [
        {
            "type": "Microsoft.HealthBot/healthBots",
            "apiVersion": "2021-08-24",
            "name": "[parameters('healthBots_healthbot_name')]",
            "location": "eastus",
            "sku": {
                "name": "F0"
            },
            "properties": {}
        }
    ]
}